1,Bucharest,44.4000,26.0833,Romania,RO,Bucureşti,primary,1883425,1883425
2,Timişoara,45.7597,21.2300,Romania,RO,Timiş,admin,319279,319279
3,Cluj-Napoca,46.7667,23.6000,Romania,RO,Cluj,admin,316748,282141
4,Braşov,45.6500,25.6000,Romania,RO,Braşov,admin,290743,290743
5,Iaşi,47.1622,27.5889,Romania,RO,Iaşi,admin,290422,290422
6,Constanţa,44.1733,28.6383,Romania,RO,Constanţa,admin,283872,283872
7,Craiova,44.3333,23.8167,Romania,RO,Dolj,admin,269506,269506
8,Galaţi,45.4233,28.0425,Romania,RO,Galaţi,admin,249432,249432
9,Ploieşti,44.9386,26.0225,Romania,RO,Prahova,admin,209945,209945
10,Oradea,47.0722,21.9211,Romania,RO,Bihor,admin,196367,196367
11,Brăila,45.2692,27.9575,Romania,RO,Brăila,admin,180302,180302
12,Arad,46.1667,21.3167,Romania,RO,Arad,admin,159074,159074
13,Piteşti,44.8667,24.8833,Romania,RO,Argeş,admin,155383,155383
14,Sibiu,45.8000,24.1500,Romania,RO,Sibiu,admin,147245,147245
15,Bacău,46.5833,26.9167,Romania,RO,Bacău,admin,144307,144307
16,Târgu-Mureş,46.5497,24.5597,Romania,RO,Mureş,admin,134290,134290
17,Baia Mare,47.6597,23.5819,Romania,RO,Maramureş,admin,123738,123738
18,Buzău,45.1517,26.8167,Romania,RO,Buzău,admin,115494,115494
19,Botoşani,47.7486,26.6694,Romania,RO,Botoşani,admin,106847,106847
20,Satu Mare,47.7900,22.8900,Romania,RO,Satu Mare,admin,102411,102411
21,Râmnicu Vâlcea,45.1047,24.3756,Romania,RO,Vâlcea,admin,98776,98776
22,Drobeta-Turnu Severin,44.6361,22.6556,Romania,RO,Mehedinţi,admin,92617,92617
23,Tulcea,45.1993,28.7967,Romania,RO,Tulcea,admin,92475,86288
24,Suceava,47.6514,26.2556,Romania,RO,Suceava,admin,92121,92121
25,Piatra Neamţ,46.9275,26.3708,Romania,RO,Neamţ,admin,85055,85055
26,Reşiţa,45.2970,21.8865,Romania,RO,Caraş-Severin,admin,83324,81228
27,Târgu Jiu,45.0342,23.2747,Romania,RO,Gorj,admin,82504,82504
28,Târgovişte,44.9244,25.4572,Romania,RO,Dâmboviţa,admin,79610,79610
29,Focşani,45.6997,27.1797,Romania,RO,Vrancea,admin,79315,79315
30,Bistriţa,47.1333,24.4833,Romania,RO,Bistriţa-Năsăud,admin,75076,75076
31,Slatina,44.4297,24.3642,Romania,RO,Olt,admin,70293,70293
32,Călăraşi,44.2000,27.3333,Romania,RO,Călăraşi,admin,65181,65181
33,Alba Iulia,46.0764,23.5728,Romania,RO,Alba,admin,63536,63536
34,Giurgiu,43.9000,25.9667,Romania,RO,Giurgiu,admin,61353,61353
35,Deva,45.8719,22.9117,Romania,RO,Hunedoara,,61123,61123
36,Hunedoara,45.7697,22.9203,Romania,RO,Hunedoara,admin,60525,60525
37,Zalău,47.1911,23.0572,Romania,RO,Sălaj,admin,56202,56202
38,Sfântu-Gheorghe,45.8636,25.7875,Romania,RO,Covasna,admin,56006,56006
39,Bârlad,46.2167,27.6667,Romania,RO,Vaslui,,55837,55837
40,Vaslui,46.6383,27.7292,Romania,RO,Vaslui,admin,55407,55407
41,Roman,46.9300,26.9300,Romania,RO,Neamţ,,50713,50713
42,Turda,46.5667,23.7833,Romania,RO,Cluj,,47744,47744
43,Mediaş,46.1639,24.3508,Romania,RO,Sibiu,,47204,47204
44,Slobozia,44.5639,27.3661,Romania,RO,Ialomiţa,admin,45891,45891
45,Alexandria,43.9686,25.3333,Romania,RO,Teleorman,admin,45434,45434
46,Voluntari,44.4925,26.1914,Romania,RO,Bucureşti,,42944,42944
47,Miercurea-Ciuc,46.3610,25.5240,Romania,RO,Harghita,admin,42029,37980
48,Lugoj,45.6861,21.9006,Romania,RO,Timiş,,40361,40361
49,Medgidia,44.2503,28.2614,Romania,RO,Constanţa,,39780,39780
50,Oneşti,46.2500,26.7667,Romania,RO,Bacău,,39172,39172
51,Sighetu Marmaţiei,47.9309,23.8947,Romania,RO,Maramureş,,37640,37640
52,Petroşani,45.4122,23.3733,Romania,RO,Hunedoara,,37160,37160
53,Mangalia,43.8172,28.5828,Romania,RO,Constanţa,,36364,36364
54,Tecuci,45.8467,27.4278,Romania,RO,Galaţi,,34871,34871
55,Odorheiu Secuiesc,46.3139,25.3017,Romania,RO,Harghita,,34257,34257
56,Râmnicu Sărat,45.3800,27.0600,Romania,RO,Buzău,,33843,33843
57,Paşcani,47.2519,26.7231,Romania,RO,Iaşi,,33745,33745
58,Dej,47.0872,23.8053,Romania,RO,Cluj,,33497,33497
59,Reghin,46.7758,24.7083,Romania,RO,Mureş,,33281,33281
60,Năvodari,44.3208,28.6125,Romania,RO,Constanţa,,32981,32981
61,Câmpina,45.1281,25.7383,Romania,RO,Prahova,,32935,32935
62,Mioveni,44.9553,24.9356,Romania,RO,Argeş,,31998,31998
63,Câmpulung,45.2750,25.0500,Romania,RO,Argeş,,31767,31767
64,Caracal,44.1000,24.3333,Romania,RO,Olt,,30954,30954
65,Săcele,45.6175,25.6878,Romania,RO,Braşov,,30798,30798
66,Făgăraş,45.8422,24.9714,Romania,RO,Braşov,,30714,30714
67,Feteşti,44.4150,27.8236,Romania,RO,Ialomiţa,,30217,30217
68,Sighişoara,46.2169,24.7911,Romania,RO,Mureş,,28102,28102
69,Borşa,47.6553,24.6631,Romania,RO,Maramureş,,27611,27611
70,Roşiori de Vede,44.0650,24.9655,Romania,RO,Teleorman,,27416,27416
71,Curtea de Argeş,45.1167,24.6667,Romania,RO,Argeş,,27359,27359
72,Sebeş,45.9547,23.5700,Romania,RO,Alba,,27019,27019
73,Huşi,46.6731,28.0647,Romania,RO,Vaslui,,26266,26266
74,Fălticeni,47.4625,26.3000,Romania,RO,Suceava,,25723,25723
75,Pantelimon,44.4528,26.2036,Romania,RO,Ilfov,,25596,25596
76,Olteniţa,44.0864,26.6364,Romania,RO,Călăraşi,,24822,24822
77,Turnu Măgurele,43.7517,24.8708,Romania,RO,Teleorman,,24772,24772
78,Caransebeş,45.4214,22.2219,Romania,RO,Caraş-Severin,,24689,24689
79,Dorohoi,47.9597,26.3997,Romania,RO,Botoşani,,24309,24309
80,Vulcan,45.3811,23.2914,Romania,RO,Hunedoara,,24160,24160
81,Rădăuţi,47.8425,25.9192,Romania,RO,Suceava,,23822,23822
82,Zărneşti,45.5725,25.3431,Romania,RO,Braşov,,23476,23476
83,Lupeni,45.3603,23.2383,Romania,RO,Hunedoara,,23390,23390
84,Aiud,46.3103,23.7167,Romania,RO,Alba,,22876,22876
85,Petrila,45.4511,23.3981,Romania,RO,Hunedoara,,22692,22692
86,Câmpia Turzii,46.5444,23.8792,Romania,RO,Cluj,,22223,22223
87,Buftea,44.5700,25.9500,Romania,RO,Ilfov,,22178,22178
88,Târnăveni,46.3297,24.2700,Romania,RO,Mureş,,22075,22075
89,Popeşti-Leordeni,44.3800,26.1700,Romania,RO,Ilfov,,21895,21895
90,Moineşti,46.4847,26.4964,Romania,RO,Bacău,,21787,21787
91,Codlea,45.6958,25.4497,Romania,RO,Braşov,,21708,21708
92,Cugir,45.8436,23.3636,Romania,RO,Alba,,21376,21376
93,Carei,47.6900,22.4700,Romania,RO,Satu Mare,,21112,21112
94,Gherla,47.0200,23.9000,Romania,RO,Cluj,,20982,20982
95,Scobinţi,47.4016,26.9141,Romania,RO,Iaşi,,20700,20700
96,Blaj,46.1753,23.9144,Romania,RO,Alba,,20630,20630
97,Floreşti,46.7475,23.4908,Romania,RO,Cluj,,20256,20256
98,Comăneşti,46.4132,26.4362,Romania,RO,Bacău,,19568,19568
99,Motru,44.8042,22.9694,Romania,RO,Gorj,,19079,19079
100,Târgu Neamţ,47.2025,26.3586,Romania,RO,Neamţ,,18695,18695
101,Moreni,44.9803,25.6444,Romania,RO,Dâmboviţa,,18687,18687
102,Toflea,46.0637,27.3341,Romania,RO,Galaţi,,18521,18521
103,Târgu Secuiesc,45.9969,26.1406,Romania,RO,Covasna,,18491,18491
104,Gheorgheni,46.7200,25.5900,Romania,RO,Harghita,,18377,18377
105,Orăştie,45.8403,23.1994,Romania,RO,Hunedoara,,18227,18227
106,Balş,44.3542,24.0986,Romania,RO,Olt,,18164,18164
107,Băicoi,45.0453,25.8658,Romania,RO,Prahova,,17981,17981
108,Drăgăşani,44.6611,24.2639,Romania,RO,Vâlcea,,17871,17871
109,Salonta,46.8000,21.6500,Romania,RO,Bihor,,17735,17735
110,Băileşti,44.0308,23.3525,Romania,RO,Dolj,,17437,17437
111,Calafat,43.9858,22.9575,Romania,RO,Dolj,,17336,17336
112,Cernavodă,44.3381,28.0336,Romania,RO,Ialomiţa,,17022,17022
113,Filiaşi,44.5539,23.5290,Romania,RO,Dolj,,16900,16900
114,Câmpulung Moldovenesc,47.5308,25.5514,Romania,RO,Suceava,,16722,16722
115,Corabia,43.7736,24.5033,Romania,RO,Olt,,16441,16441
116,Adjud,46.1000,27.1797,Romania,RO,Vrancea,,16045,16045
117,Breaza,45.1872,25.6622,Romania,RO,Prahova,,15928,15928
118,Bocşa,45.3747,21.7106,Romania,RO,Caraş-Severin,,15842,15842
119,Marghita,47.3500,22.3333,Romania,RO,Bihor,,15770,15770
120,Baia-Sprie,47.6608,23.6886,Romania,RO,Maramureş,,15476,15476
121,Bragadiru,44.3694,25.9753,Romania,RO,Ilfov,,15329,15329
122,Luduş,46.4778,24.0961,Romania,RO,Mureş,,15328,15328
123,Urziceni,44.7181,26.6453,Romania,RO,Ialomiţa,,15308,15308
124,Vişeu de Sus,47.7111,24.4264,Romania,RO,Maramureş,,15037,15037
125,Râşnov,45.5931,25.4603,Romania,RO,Braşov,,15022,15022
126,Buhuşi,46.7150,26.7042,Romania,RO,Bacău,,14562,14562
127,Brad,46.1294,22.7900,Romania,RO,Hunedoara,,14495,14495
128,Vatra Dornei,47.3500,25.3667,Romania,RO,Suceava,,14429,14429
129,Mizil,45.0000,26.4406,Romania,RO,Prahova,,14312,14312
130,Cisnădie,45.7128,24.1508,Romania,RO,Sibiu,,14282,14282
131,Pucioasa,45.0742,25.4342,Romania,RO,Dâmboviţa,,14254,14254
132,Chitila,44.5172,25.9753,Romania,RO,Ilfov,,14184,14184
133,Zimnicea,43.6539,25.3650,Romania,RO,Teleorman,,14058,14058
134,Topliţa,46.9918,25.3709,Romania,RO,Harghita,,13929,13929
135,Otopeni,44.5500,26.0700,Romania,RO,Ilfov,,13861,13861
136,Ovidiu,44.2700,28.5600,Romania,RO,Constanţa,,13847,13847
137,Gura Humorului,47.5542,25.8875,Romania,RO,Suceava,,13667,13667
138,Jimbolia,45.7917,20.7222,Romania,RO,Timiş,,13597,13597
139,Găeşti,44.7208,25.3147,Romania,RO,Dâmboviţa,,13317,13317
140,Vicovu de Sus,47.9258,25.6800,Romania,RO,Suceava,,13308,13308
141,Ocna Mureş,46.3900,23.8600,Romania,RO,Alba,,13036,13036
142,Bolintin Vale,44.4472,25.7572,Romania,RO,Giurgiu,,12929,12929
143,Avrig,45.7081,24.4000,Romania,RO,Sibiu,,12815,12815
144,Pecica,46.1700,21.0700,Romania,RO,Arad,,12762,12762
145,Simeria,45.8500,23.0100,Romania,RO,Hunedoara,,12556,12556
146,Valu lui Traian,44.1650,28.4550,Romania,RO,Constanţa,,12376,12376
147,Moldova Nouă,44.7347,21.6664,Romania,RO,Caraş-Severin,,12350,12350
148,Cumpăna,44.1128,28.5558,Romania,RO,Constanţa,,12333,12333
149,Sânnicolau Mare,46.0722,20.6294,Romania,RO,Timiş,,12312,12312
150,Dărmăneşti,46.3700,26.4797,Romania,RO,Bacău,,12247,12247
151,Jilava,44.3333,26.0833,Romania,RO,Ilfov,,12223,12223
152,Dăbuleni,43.8011,24.0919,Romania,RO,Dolj,,12175,12175
153,Comarnic,45.2511,25.6353,Romania,RO,Prahova,,11970,11970
154,Negreşti-Oaş,47.8694,23.4242,Romania,RO,Satu Mare,,11867,11867
155,Rovinari,44.9125,23.1622,Romania,RO,Gorj,,11816,11816
156,Scorniceşti,44.5700,24.5500,Romania,RO,Olt,,11766,11766
157,Târgu Lăpuş,47.4525,23.8631,Romania,RO,Maramureş,,11744,11744
158,Vălenii de Munte,45.1856,26.0397,Romania,RO,Prahova,,11707,11707
159,Matca,45.8500,27.5333,Romania,RO,Galaţi,,11605,11605
160,Săcueni,47.3525,22.0914,Romania,RO,Bihor,,11526,11526
161,Videle,44.2833,25.5333,Romania,RO,Teleorman,,11508,11508
162,Sântana,46.3500,21.5000,Romania,RO,Arad,,11428,11428
163,Oraviţa,45.0333,21.6833,Romania,RO,Caraş-Severin,,11382,11382
164,Târgu Ocna,46.2803,26.6094,Romania,RO,Bacău,,11300,11300
165,Călan,45.7361,23.0086,Romania,RO,Hunedoara,,11279,11279
166,Boldeşti-Scăeni,45.0300,26.0300,Romania,RO,Prahova,,11137,11137
167,Măgurele,44.3461,25.9999,Romania,RO,Ilfov,,11041,11041
168,Hârlău,47.4278,26.9114,Romania,RO,Iaşi,,10905,10905
169,Drăgăneşti-Olt,44.1697,24.5300,Romania,RO,Olt,,10894,10894
170,Cristuru Secuiesc,46.2917,25.0353,Romania,RO,Harghita,,10796,10796
171,Poiana Mare,43.9127,23.0940,Romania,RO,Dolj,,10740,10740
172,Mărăşeşti,45.8800,27.2300,Romania,RO,Vrancea,,10671,10671
173,Beiuş,46.6500,22.3500,Romania,RO,Bihor,,10667,10667
174,Beclean,47.1797,24.1797,Romania,RO,Bistriţa-Năsăud,,10628,10628
175,Urlaţi,44.9911,26.2306,Romania,RO,Prahova,,10541,10541
176,Oţelu Roşu,45.5333,22.3667,Romania,RO,Caraş-Severin,,10510,10510
177,Strehaia,44.6222,23.1972,Romania,RO,Mehedinţi,,10506,10506
178,Târgu Frumos,47.2097,27.0131,Romania,RO,Iaşi,,10475,10475
179,Orşova,44.7253,22.3961,Romania,RO,Mehedinţi,,10441,10441
180,Sinaia,45.3500,25.5514,Romania,RO,Prahova,,10410,10410
181,Jibou,47.2583,23.2583,Romania,RO,Sălaj,,10407,10407
182,Sovata,46.5961,25.0744,Romania,RO,Mureş,,10385,10385
183,Costeşti,44.6697,24.8800,Romania,RO,Argeş,,10375,10375
184,Ianca,45.1350,27.4747,Romania,RO,Brăila,,10343,10343
185,Lipova,46.0894,21.6914,Romania,RO,Arad,,10313,10313
186,Dolhasca,47.4303,26.6094,Romania,RO,Suceava,,10298,10298
187,Topoloveni,44.8069,25.0839,Romania,RO,Argeş,,10219,10219
188,Murfatlar,44.1736,28.4083,Romania,RO,Constanţa,,10216,10216
189,Nehoiu,45.4153,26.3082,Romania,RO,Buzău,,10211,10211
190,Flămânzi,47.5644,26.8728,Romania,RO,Botoşani,,10136,10136
191,Pechea,45.6333,27.8000,Romania,RO,Galaţi,,10126,10126
192,Covasna,45.8492,26.1853,Romania,RO,Covasna,,10114,10114
193,Poienile de sub Munte,47.8167,24.4333,Romania,RO,Maramureş,,10073,10073
194,Aleşd,47.0572,22.3969,Romania,RO,Bihor,,10066,10066
195,Valea lui Mihai,47.5200,22.1300,Romania,RO,Bihor,,9902,9902
196,Darabani,48.1864,26.5892,Romania,RO,Botoşani,,9893,9893
197,Haţeg,45.6075,22.9500,Romania,RO,Hunedoara,,9685,9685
198,Sângeorz-Băi,47.3700,24.6800,Romania,RO,Bistriţa-Năsăud,,9679,9679
199,Titu,44.6622,25.5736,Romania,RO,Dâmboviţa,,9658,9658
200,Hârşova,44.6833,27.9519,Romania,RO,Constanţa,,9642,9642
201,Liteni,47.5200,26.5319,Romania,RO,Suceava,,9596,9596
202,Podu Iloaiei,47.2167,27.2667,Romania,RO,Iaşi,,9573,9573
203,Odobeşti,45.7497,27.1155,Romania,RO,Vrancea,,9364,9364
204,Huedin,46.8738,23.0041,Romania,RO,Cluj,,9346,9346
205,Moisei,47.6540,24.5507,Romania,RO,Maramureş,,9264,9264
206,Ineu,46.4258,21.8369,Romania,RO,Arad,,9260,9260
207,Salcea,47.6500,26.3700,Romania,RO,Suceava,,9015,9015
208,Seini,47.7478,23.2853,Romania,RO,Maramureş,,8987,8987
209,Uricani,45.3364,23.1525,Romania,RO,Hunedoara,,8972,8972
210,Babadag,44.8933,28.7119,Romania,RO,Tulcea,,8940,8940
211,Bumbeşti-Jiu,45.1786,23.3814,Romania,RO,Gorj,,8932,8932
212,Lieşti,45.6160,27.5442,Romania,RO,Galaţi,,8902,8902
213,Buşteni,45.4153,25.5375,Romania,RO,Prahova,,8894,8894
214,Sângeorgiu de Mureş,46.5764,24.6042,Romania,RO,Mureş,,8800,8800
215,Agnita,45.9733,24.6172,Romania,RO,Sibiu,,8732,8732
216,Săbăoani,47.0131,26.8657,Romania,RO,Neamţ,,8722,8722
217,Iernut,46.4533,24.2333,Romania,RO,Mureş,,8705,8705
218,Baraolt,46.0750,25.6000,Romania,RO,Covasna,,8672,8672
219,Tăşnad,47.4772,22.5833,Romania,RO,Satu Mare,,8631,8631
220,Bicaz,46.9108,26.0911,Romania,RO,Neamţ,,8626,8626
221,Roznov,46.8356,26.5117,Romania,RO,Neamţ,,8593,8593
222,Marginea,47.8167,25.8333,Romania,RO,Suceava,,8552,8552
223,Băbeni,44.9750,24.2311,Romania,RO,Vâlcea,,8451,8451
224,Negreşti,46.8403,27.4417,Romania,RO,Vaslui,,8380,8380
225,Recaş,45.8014,21.5133,Romania,RO,Timiş,,8336,8336
226,Mihail Kogălniceanu,44.3667,28.4583,Romania,RO,Constanţa,,8319,8319
227,Măcin,45.2456,28.1231,Romania,RO,Tulcea,,8245,8245
228,Tomeşti,47.1333,27.7000,Romania,RO,Iaşi,,8126,8126
229,Târgu Cărbuneşti,44.9583,23.5064,Romania,RO,Gorj,,8034,8034
230,Roşu,44.4509,26.0083,Romania,RO,Bucureşti,,8020,8020
231,Chişineu Criş,46.5225,21.5158,Romania,RO,Arad,,7987,7987
232,Borcea,44.3294,27.7315,Romania,RO,Călăraşi,,7986,7986
233,Siret,47.9500,26.0600,Romania,RO,Suceava,,7976,7976
234,Mihăileşti,44.3239,25.9069,Romania,RO,Giurgiu,,7923,7923
235,Afumaţi,44.5255,26.2496,Romania,RO,Ilfov,,7919,7919
236,Domneşti,44.3979,25.9175,Romania,RO,Ilfov,,7910,7910
237,Prim Decembrie,44.2881,26.0600,Romania,RO,Ilfov,,7817,7817
238,Lumina,44.2833,28.5667,Romania,RO,Constanţa,,7800,7800
239,Budeşti,44.2300,26.4500,Romania,RO,Călăraşi,,7725,7725
240,Panciu,45.9100,27.0900,Romania,RO,Vrancea,,7664,7664
241,Vlăhiţa,46.3500,25.5300,Romania,RO,Harghita,,7649,7649
242,Câmpeni,46.3625,23.0456,Romania,RO,Alba,,7629,7629
243,Mogoşoaia,44.5324,26.0000,Romania,RO,Ilfov,,7625,7625
244,Călimăneşti,45.2392,24.3433,Romania,RO,Vâlcea,,7622,7622
245,Fieni,45.1222,25.4183,Romania,RO,Dâmboviţa,,7587,7587
246,Modelu,44.1962,27.3852,Romania,RO,Călăraşi,,7564,7564
247,Întorsura Buzăului,45.6728,26.0342,Romania,RO,Covasna,,7528,7528
248,Dumbrăviţa,45.8019,21.2475,Romania,RO,Timiş,,7522,7522
249,Zlatna,46.1589,23.2211,Romania,RO,Alba,,7490,7490
250,Anina,45.0917,21.8533,Romania,RO,Caraş-Severin,,7485,7485
251,Chirnogi,44.1167,26.5833,Romania,RO,Călăraşi,,7455,7455
252,Curtici,46.3419,21.3061,Romania,RO,Arad,,7453,7453
253,Nădlac,46.1667,20.7500,Romania,RO,Arad,,7398,7398
254,Dumbrăveni,46.2275,24.5758,Romania,RO,Sibiu,,7388,7388
255,Victoria,45.6466,24.7059,Romania,RO,Braşov,,7386,7386
256,Amara,44.6200,27.3200,Romania,RO,Ialomiţa,,7345,7345
257,Brăneşti,44.4576,26.3350,Romania,RO,Ilfov,,7305,7305
258,Pătârlagele,45.3189,26.3597,Romania,RO,Buzău,,7304,7304
259,Techirghiol,44.0575,28.5958,Romania,RO,Constanţa,,7292,7292
260,Pogoanele,44.9167,27.0000,Romania,RO,Buzău,,7275,7275
261,Ulmeni,47.4656,23.3003,Romania,RO,Maramureş,,7270,7270
262,Turceni,44.6794,23.3731,Romania,RO,Gorj,,7269,7269
263,Cehu Silvaniei,47.4120,23.1800,Romania,RO,Sălaj,,7214,7214
264,Tăuţii Măgheruş,47.6678,23.4722,Romania,RO,Maramureş,,7136,7136
265,Murgeni,46.2000,28.0167,Romania,RO,Vaslui,,7119,7119
266,Tismana,45.0506,22.9489,Romania,RO,Gorj,,7035,7035
267,Buziaş,45.6500,21.6000,Romania,RO,Timiş,,7023,7023
268,Segarcea,44.0919,23.7334,Romania,RO,Dolj,,7019,7019
269,Dumbrăveni,47.6610,26.4246,Romania,RO,Suceava,,7002,7002
270,Săveni,47.9533,26.8589,Romania,RO,Botoşani,,6999,6999
271,Pâncota,46.3225,21.6869,Romania,RO,Arad,,6946,6946
272,Ungheni,46.4858,24.4608,Romania,RO,Mureş,,6945,6945
273,Sărmaşu,46.7536,24.1667,Romania,RO,Mureş,,6942,6942
274,Răcari,44.6333,25.7333,Romania,RO,Dâmboviţa,,6930,6930
275,Tălmaciu,45.6667,24.2611,Romania,RO,Sibiu,,6905,6905
276,Cajvana,47.7044,25.9694,Romania,RO,Suceava,,6901,6901
277,Fundulea,44.4528,26.5153,Romania,RO,Călăraşi,,6851,6851
278,Livada,47.8667,23.1333,Romania,RO,Satu Mare,,6773,6773
279,Făget,45.8500,22.1800,Romania,RO,Timiş,,6761,6761
280,Tuzla,44.0000,28.6333,Romania,RO,Constanţa,,6711,6711
281,Sadova,43.9000,23.9667,Romania,RO,Dolj,,6705,6705
282,Teiuş,46.2000,23.6800,Romania,RO,Alba,,6695,6695
283,Diosig,47.3000,22.0000,Romania,RO,Bihor,,6529,6529
284,Însurăţei,44.9167,27.6000,Romania,RO,Brăila,,6528,6528
285,Lehliu-Gară,44.4386,26.8533,Romania,RO,Călăraşi,,6502,6502
286,Cobadin,44.0627,28.2349,Romania,RO,Constanţa,,6483,6483
287,Gilău,46.7500,23.3833,Romania,RO,Cluj,,6464,6464
288,Vladimirescu,46.1500,21.4000,Romania,RO,Arad,,6445,6445
289,Dancu,47.1530,27.6619,Romania,RO,Iaşi,,6444,6444
290,Peretu,44.0500,25.0833,Romania,RO,Teleorman,,6329,6329
291,Cudalbi,45.7833,27.7000,Romania,RO,Galaţi,,6319,6319
292,Bosanci,47.5833,26.3167,Romania,RO,Suceava,,6304,6304
293,Piatra Olt,44.3603,24.2942,Romania,RO,Olt,,6299,6299
294,Bujor,45.8667,27.9000,Romania,RO,Galaţi,,6299,6299
295,Baloteşti,44.6128,26.0787,Romania,RO,Ilfov,,6286,6286
296,Horezu,45.1433,23.9917,Romania,RO,Vâlcea,,6263,6263
297,Deta,45.4000,21.2200,Romania,RO,Timiş,,6260,6260
298,Ardud,47.6333,22.8833,Romania,RO,Satu Mare,,6231,6231
299,Lunca Cetăţuii,47.0931,27.5662,Romania,RO,Iaşi,,6227,6227
300,Dragalina,44.4346,27.3318,Romania,RO,Călăraşi,,6218,6218
301,Remetea,46.7935,25.4503,Romania,RO,Harghita,,6165,6165
302,Bălan,46.6497,25.8100,Romania,RO,Harghita,,6115,6115
303,Sândominic,46.5833,25.7833,Romania,RO,Harghita,,6110,6110
304,Strejnicu,44.9176,25.9563,Romania,RO,Prahova,,6108,6108
305,Baciu,46.7928,23.5250,Romania,RO,Cluj,,6100,6100
306,Roseţi,44.2106,27.4481,Romania,RO,Călăraşi,,6070,6070
307,Cornetu,44.3434,25.9421,Romania,RO,Ilfov,,6040,6040
308,Slănic,45.2333,25.9392,Romania,RO,Prahova,,6034,6034
309,Brezoi,45.3442,24.2394,Romania,RO,Vâlcea,,6022,6022
310,Sebiş,46.3728,22.1294,Romania,RO,Arad,,5979,5979
311,Apahida,46.8078,23.7400,Romania,RO,Cluj,,5966,5966
312,Berceni,44.3167,26.1833,Romania,RO,Ilfov,,5942,5942
313,Vicovu de Jos,47.9011,25.7266,Romania,RO,Suceava,,5925,5925
314,Săvineşti,46.8602,26.4687,Romania,RO,Neamţ,,5921,5921
315,Bărbuleşti,44.7261,26.5992,Romania,RO,Ialomiţa,,5902,5902
316,Plosca,44.0236,25.1488,Romania,RO,Teleorman,,5900,5900
317,Frasin,47.5183,25.7819,Romania,RO,Suceava,,5876,5876
318,Gătaia,45.4333,21.4333,Romania,RO,Timiş,,5861,5861
319,Feldru,47.2833,24.6000,Romania,RO,Bistriţa-Năsăud,,5760,5760
320,Potcoava,44.4910,24.6083,Romania,RO,Olt,,5743,5743
321,Periş,44.6833,26.0167,Romania,RO,Ilfov,,5682,5682
322,Fundeni,44.3833,26.3667,Romania,RO,Călăraşi,,5658,5658
323,Giroc,45.7000,21.2333,Romania,RO,Timiş,,5652,5652
324,Oituz,46.2039,26.6231,Romania,RO,Bacău,,5623,5623
325,Rucăr,45.3886,25.1741,Romania,RO,Argeş,,5610,5610
326,Curcani,44.1985,26.5882,Romania,RO,Călăraşi,,5609,5609
327,Macea,46.3800,21.3300,Romania,RO,Arad,,5600,5600
328,Rodna,47.4217,24.8122,Romania,RO,Bistriţa-Năsăud,,5587,5587
329,Miercurea Nirajului,46.5300,24.8000,Romania,RO,Mureş,,5554,5554
330,Ruscova,47.7883,24.2808,Romania,RO,Maramureş,,5541,5541
331,Broşteni,47.2442,25.6981,Romania,RO,Suceava,,5506,5506
332,Glina,44.3833,26.2500,Romania,RO,Ilfov,,5494,5494
333,Novaci-Străini,45.1800,23.6700,Romania,RO,Gorj,,5431,5431
334,Sălişte,45.7942,23.8864,Romania,RO,Sibiu,,5421,5421
335,Copşa Mică,46.1125,24.2306,Romania,RO,Sibiu,,5404,5404
336,Moţăţei,44.1000,23.2000,Romania,RO,Dolj,,5403,5403
337,Gugeşti,45.5670,27.1287,Romania,RO,Vrancea,,5394,5394
338,Sâncraiu de Mureş,46.5500,24.5200,Romania,RO,Mureş,,5385,5385
339,Baia de Aramă,45.0000,22.8114,Romania,RO,Mehedinţi,,5349,5349
340,Ciacova,45.5000,21.1333,Romania,RO,Timiş,,5348,5348
341,Măieru,47.4003,24.7467,Romania,RO,Bistriţa-Năsăud,,5326,5326
342,Vânju-Mare,44.4319,22.8769,Romania,RO,Mehedinţi,,5311,5311
343,Prejmer,45.7205,25.7715,Romania,RO,Braşov,,5297,5297
344,Geoagiu,45.9200,23.2000,Romania,RO,Hunedoara,,5294,5294
345,Dobroeşti,44.4510,26.1833,Romania,RO,Ilfov,,5274,5274
346,Rupea,46.0389,25.2225,Romania,RO,Braşov,,5269,5269
347,Arbore,47.7313,25.9200,Romania,RO,Suceava,,5259,5259
348,Homocea,46.1375,27.2412,Romania,RO,Vrancea,,5250,5250
349,Corund,46.4667,25.1833,Romania,RO,Harghita,,5228,5228
350,Tufeşti,44.9914,27.8097,Romania,RO,Brăila,,5226,5226
351,Giarmata,45.8367,21.3100,Romania,RO,Timiş,,5210,5210
352,Baia,47.4183,26.2190,Romania,RO,Suceava,,5197,5197
353,Sângeorgiu de Pădure,46.4303,24.8417,Romania,RO,Mureş,,5166,5166
354,Horodnicu de Sus,47.8356,25.8354,Romania,RO,Suceava,,5136,5136
355,Greci,45.1833,28.2333,Romania,RO,Tulcea,,5117,5117
356,Tudora,47.5167,26.6333,Romania,RO,Botoşani,,5096,5096
357,Straja,47.9200,25.5500,Romania,RO,Suceava,,5094,5094
358,Negru Vodă,43.8181,28.2125,Romania,RO,Constanţa,,5088,5088
359,Răşinari,45.7000,24.0667,Romania,RO,Sibiu,,5086,5086
360,Abrud,46.2739,23.0500,Romania,RO,Alba,,5072,5072
361,Ostrov,44.1020,27.4017,Romania,RO,Constanţa,,5069,5069
362,Răducăneni,46.9659,27.9231,Romania,RO,Iaşi,,5065,5065
363,Păuneşti,46.0323,27.1134,Romania,RO,Vrancea,,5034,5034
364,Isaccea,45.2697,28.4597,Romania,RO,Tulcea,,5026,5026
365,Băile Herculane,44.8772,22.4175,Romania,RO,Caraş-Severin,,5008,5008
366,Tunari,44.5472,26.1413,Romania,RO,Ilfov,,5007,5007
367,Milişăuţi,47.7864,26.0044,Romania,RO,Suceava,,5005,5005
368,Valea Lupului,47.1774,27.5021,Romania,RO,Iaşi,,4982,4982
369,Cavnic,47.6608,23.8778,Romania,RO,Maramureş,,4976,4976
370,Fierbinţi-Târg,44.6833,26.3833,Romania,RO,Ilfov,,4969,4969
371,Ulmeni,44.1500,26.7167,Romania,RO,Călăraşi,,4962,4962
372,Filipeştii de Pădure,44.9981,25.7431,Romania,RO,Prahova,,4955,4955
373,Volovăţ,47.8033,25.8941,Romania,RO,Suceava,,4952,4952
374,Vişeu de Jos,47.7250,24.3669,Romania,RO,Maramureş,,4934,4934
375,Corbu,44.3833,28.6500,Romania,RO,Constanţa,,4908,4908
376,Săliştea de Sus,47.6497,24.3500,Romania,RO,Maramureş,,4893,4893
377,Tudor Vladimirescu,45.5634,27.6489,Romania,RO,Galaţi,,4872,4872
378,Ditrău,46.8167,25.5167,Romania,RO,Harghita,,4867,4867
379,Bălceşti,44.6132,23.9256,Romania,RO,Vâlcea,,4864,4864
380,Agigea,44.0915,28.6104,Romania,RO,Constanţa,,4853,4853
381,Berbeşti,44.9882,23.8682,Romania,RO,Vâlcea,,4836,4836
382,Sânpetru,45.7063,25.6323,Romania,RO,Braşov,,4819,4819
383,Izbiceni,43.8206,24.6608,Romania,RO,Olt,,4807,4807
384,Făcăeni,44.5700,27.9000,Romania,RO,Ialomiţa,,4795,4795
385,Cernele,44.3344,23.7444,Romania,RO,Dolj,,4783,4783
386,Bucov,44.9742,26.0841,Romania,RO,Prahova,,4783,4783
387,Cetate,44.1114,23.0476,Romania,RO,Dolj,,4781,4781
388,Predeal,45.5047,25.5786,Romania,RO,Braşov,,4755,4755
389,Cristeşti,46.5000,24.4833,Romania,RO,Mureş,,4754,4754
390,Joseni,46.7000,25.5000,Romania,RO,Harghita,,4749,4749
391,Mârşani,44.0167,24.0167,Romania,RO,Dolj,,4745,4745
392,Desa,43.8667,23.0333,Romania,RO,Dolj,,4740,4740
393,Corod,45.9000,27.6167,Romania,RO,Galaţi,,4729,4729
394,Vânători-Neamţ,47.2157,26.3136,Romania,RO,Neamţ,,4726,4726
395,Repedea,47.8321,24.4014,Romania,RO,Maramureş,,4716,4716
396,Clinceni,44.3787,25.9412,Romania,RO,Ilfov,,4708,4708
397,Băleni Sârbi,44.8263,25.6446,Romania,RO,Dâmboviţa,,4707,4707
398,Ghimbav,45.6628,25.5061,Romania,RO,Braşov,,4698,4698
399,Hălăuceşti,47.1000,26.8000,Romania,RO,Iaşi,,4661,4661
400,Hărman,45.7068,25.6856,Romania,RO,Braşov,,4659,4659
401,Başcov,44.9000,24.8167,Romania,RO,Argeş,,4653,4653
402,Poarta Albă,44.2027,28.3969,Romania,RO,Constanţa,,4637,4637
403,Zorleni,46.2659,27.7216,Romania,RO,Vaslui,,4621,4621
404,Tinca,46.7667,21.9500,Romania,RO,Bihor,,4614,4614
405,Ghiroda,45.7667,21.3000,Romania,RO,Timiş,,4605,4605
406,Ghelinţa,45.9432,26.2411,Romania,RO,Covasna,,4600,4600
407,Cleja,46.4098,26.9180,Romania,RO,Bacău,,4598,4598
408,Săcălaz,45.7597,21.1108,Romania,RO,Timiş,,4596,4596
409,Suraia,45.6819,27.3837,Romania,RO,Vrancea,,4595,4595
410,Doiceşti,44.9992,25.3995,Romania,RO,Dâmboviţa,,4584,4584
411,Iveşti,45.6848,27.5180,Romania,RO,Galaţi,,4571,4571
412,Coşereni,44.6829,26.5638,Romania,RO,Ialomiţa,,4570,4570
413,Pătrăuţi,47.7189,26.1915,Romania,RO,Suceava,,4567,4567
414,Chiajna,44.4594,25.9784,Romania,RO,Ilfov,,4511,4511
415,Periam,46.0450,20.8692,Romania,RO,Timiş,,4505,4505
416,Cristian,45.6288,25.4833,Romania,RO,Braşov,,4490,4490
417,Viişoara,46.5579,23.9098,Romania,RO,Cluj,,4488,4488
418,Crasna,47.1600,22.8747,Romania,RO,Sălaj,,4463,4463
419,Belceşti,47.3167,27.1000,Romania,RO,Iaşi,,4462,4462
420,Cioranii de Jos,44.8207,26.4134,Romania,RO,Prahova,,4443,4443
421,Azuga,45.4450,25.5553,Romania,RO,Prahova,,4440,4440
422,Islaz,43.7333,24.7500,Romania,RO,Teleorman,,4416,4416
423,Moara Vlăsiei,44.6422,26.2222,Romania,RO,Ilfov,,4411,4411
424,Manasia,44.7000,26.6667,Romania,RO,Ialomiţa,,4405,4405
425,Voitinel,47.8837,25.7573,Romania,RO,Suceava,,4387,4387
426,Turţ,47.9888,23.1979,Romania,RO,Satu Mare,,4384,4384
427,Zetea,46.3833,25.3667,Romania,RO,Harghita,,4378,4378
428,Independenţa,45.4731,27.7623,Romania,RO,Galaţi,,4375,4375
429,Deleni,47.4667,26.8833,Romania,RO,Iaşi,,4369,4369
430,Aninoasa,45.3782,23.3337,Romania,RO,Hunedoara,,4360,4360
431,Piscu,45.5000,27.7333,Romania,RO,Galaţi,,4359,4359
432,Sântandrei,47.0691,21.8554,Romania,RO,Bihor,,4349,4349
433,Floreşti,45.0299,25.8120,Romania,RO,Prahova,,4339,4339
434,Feldioara,45.8174,25.5914,Romania,RO,Braşov,,4334,4334
435,Ciumani,46.6833,25.5167,Romania,RO,Harghita,,4328,4328
436,Ocniţa,44.9833,25.5500,Romania,RO,Dâmboviţa,,4325,4325
437,Valea Mare-Podgoria,44.8851,24.9061,Romania,RO,Argeş,,4318,4318
438,Ieud,47.6771,24.2346,Romania,RO,Maramureş,,4318,4318
439,Slobozia,44.5214,25.2381,Romania,RO,Argeş,,4305,4305
440,Niculiţel,45.1833,28.4833,Romania,RO,Tulcea,,4297,4297
441,Floreşti,44.5085,25.6938,Romania,RO,Giurgiu,,4290,4290
442,Victoria,47.2860,27.5976,Romania,RO,Iaşi,,4282,4282
443,Bucecea,47.7667,26.4333,Romania,RO,Botoşani,,4274,4274
444,Munteni,45.9276,27.4405,Romania,RO,Galaţi,,4272,4272
445,Galicea Mare,44.1000,23.3000,Romania,RO,Dolj,,4268,4268
446,Răzvad,44.9369,25.5338,Romania,RO,Dâmboviţa,,4266,4266
447,Ciocăneşti,44.2000,27.0833,Romania,RO,Călăraşi,,4257,4257
448,Cerătu,44.0667,23.6667,Romania,RO,Dolj,,4226,4226
449,Odoreu,47.7950,22.9922,Romania,RO,Satu Mare,,4220,4220
450,Cenad,46.1375,20.5867,Romania,RO,Timiş,,4207,4207
451,Slănic-Moldova,46.2066,26.4384,Romania,RO,Bacău,,4198,4198
452,Româneşti,44.5628,25.6279,Romania,RO,Dâmboviţa,,4198,4198
453,Teliu,45.6979,25.8580,Romania,RO,Braşov,,4198,4198
454,Budila,45.6667,25.8000,Romania,RO,Braşov,,4197,4197
455,Todireşti,47.3333,26.8333,Romania,RO,Iaşi,,4193,4193
456,Lunguleţu,44.6106,25.6641,Romania,RO,Dâmboviţa,,4188,4188
457,Băile Olăneşti,45.2000,24.2333,Romania,RO,Vâlcea,,4186,4186
458,Perişoru,44.4354,27.5470,Romania,RO,Călăraşi,,4174,4174
459,Ungheni-Prut,47.2000,27.7833,Romania,RO,Iaşi,,4173,4173
460,Mihai Viteazu,46.5414,23.7472,Romania,RO,Cluj,,4129,4129
461,Pleaşa,45.0038,26.0714,Romania,RO,Prahova,,4123,4123
462,Tuluceşti,45.5666,28.0477,Romania,RO,Galaţi,,4115,4115
463,Frătăuţii Noi,47.9500,25.8500,Romania,RO,Suceava,,4112,4112
464,Padina,44.8228,27.1114,Romania,RO,Buzău,,4111,4111
465,Corni,47.6500,26.5833,Romania,RO,Botoşani,,4102,4102
466,Măgureni,45.0435,25.7524,Romania,RO,Prahova,,4095,4095
467,Măldăeni,44.1167,24.9333,Romania,RO,Teleorman,,4092,4092
468,Baia de Arieş,46.3794,23.2797,Romania,RO,Alba,,4074,4074
469,Vinga,46.0162,21.2157,Romania,RO,Arad,,4063,4063
470,Jijila,45.3000,28.1500,Romania,RO,Tulcea,,4056,4056
471,Fundeni,44.4595,26.1668,Romania,RO,Bucureşti,,4051,4051
472,Ciupercenii Noi,43.9167,22.9500,Romania,RO,Dolj,,4043,4043
473,Tileagd,47.0667,22.2000,Romania,RO,Bihor,,4042,4042
474,Podari,44.2500,23.7833,Romania,RO,Dolj,,4028,4028
475,Bradu,44.7833,24.9000,Romania,RO,Argeş,,4021,4021
476,Zăneşti,46.8178,26.5464,Romania,RO,Neamţ,,4016,4016
477,Zagon,45.7667,26.1167,Romania,RO,Covasna,,4007,4007
478,Diţeşti,44.9793,25.7279,Romania,RO,Prahova,,3978,3978
479,Bragadiru,43.7667,25.5167,Romania,RO,Teleorman,,3969,3969
480,Gârbovi,44.7867,26.7674,Romania,RO,Ialomiţa,,3958,3958
481,Band,46.5833,24.3833,Romania,RO,Mureş,,3950,3950
482,Ogrezeni,44.4167,25.7667,Romania,RO,Giurgiu,,3949,3949
483,Călăraşi,43.7934,24.0476,Romania,RO,Dolj,,3942,3942
484,Hotarele,44.1833,26.3667,Romania,RO,Giurgiu,,3939,3939
485,Faraoaní,46.4321,26.8963,Romania,RO,Bacău,,3932,3932
486,Buzescu,44.0167,25.2333,Romania,RO,Teleorman,,3922,3922
487,Ciorogârla,44.4432,25.8846,Romania,RO,Ilfov,,3919,3919
488,Miercurea Sibiului,45.8833,23.7833,Romania,RO,Sibiu,,3910,3910
489,Bogdăneşti,47.3667,26.2833,Romania,RO,Suceava,,3909,3909
490,Vărăşti,44.2500,26.2500,Romania,RO,Giurgiu,,3908,3908
491,Telega,45.1399,25.7887,Romania,RO,Prahova,,3903,3903
492,Oglinzi,47.2505,26.3503,Romania,RO,Neamţ,,3903,3903
493,Pleniţa,44.2227,23.1863,Romania,RO,Dolj,,3890,3890
494,Podoleni,46.7978,26.6198,Romania,RO,Neamţ,,3883,3883
495,Dăneţi,43.9833,24.0500,Romania,RO,Dolj,,3875,3875
496,Vidra,44.2626,26.1644,Romania,RO,Ilfov,,3872,3872
497,Buceşti,45.6529,27.5287,Romania,RO,Galaţi,,3870,3870
498,Mâneciu-Pământeni,45.2904,26.0020,Romania,RO,Prahova,,3862,3862
499,Variaş,46.0072,20.9603,Romania,RO,Timiş,,3858,3858
500,Bolintin Deal,44.4500,25.8167,Romania,RO,Giurgiu,,3854,3854
501,Focuri,47.3500,27.2167,Romania,RO,Iaşi,,3852,3852
502,Burueneşti,46.9959,26.9773,Romania,RO,Neamţ,,3850,3850
503,Teşila,45.3033,25.7227,Romania,RO,Prahova,,3836,3836
504,Unirea,44.1667,23.1833,Romania,RO,Dolj,,3814,3814
505,Radovanu,44.1939,26.5151,Romania,RO,Călăraşi,,3802,3802
506,Bârsana,47.8150,24.0597,Romania,RO,Maramureş,,3802,3802
507,Palanca,46.5332,26.1304,Romania,RO,Bacău,,3799,3799
508,Sfântu Ilie,47.6366,26.2084,Romania,RO,Suceava,,3788,3788
509,Gălbinaşi,44.3167,26.4167,Romania,RO,Călăraşi,,3772,3772
510,Dumbrăviţa,45.7692,25.4358,Romania,RO,Braşov,,3772,3772
511,Işalniţa,44.4000,23.7333,Romania,RO,Dolj,,3770,3770
512,Ipoteşti,47.6167,26.2833,Romania,RO,Suceava,,3759,3759
513,Dor Mărunt,44.4441,26.9331,Romania,RO,Călăraşi,,3754,3754
514,Jina,45.7954,23.6947,Romania,RO,Sibiu,,3750,3750
515,Mironeasa,46.9667,27.4167,Romania,RO,Iaşi,,3744,3744
516,Tărlungeni,45.6497,25.7627,Romania,RO,Braşov,,3743,3743
517,Cartojani,44.4322,25.4899,Romania,RO,Giurgiu,,3724,3724
518,Lăpuş,47.4956,24.0069,Romania,RO,Maramureş,,3709,3709
519,Bârca,43.9663,23.6211,Romania,RO,Dolj,,3689,3689
520,Vorniceni,47.9833,26.6667,Romania,RO,Botoşani,,3686,3686
521,Turia,46.0333,26.0500,Romania,RO,Covasna,,3677,3677
522,Sânmartin,47.0052,21.9742,Romania,RO,Bihor,,3672,3672
523,Gherăeşti,47.0330,26.8330,Romania,RO,Neamţ,,3668,3668
524,Bucşani,44.8674,25.6474,Romania,RO,Dâmboviţa,,3667,3667
525,Semlac,46.1167,20.9333,Romania,RO,Arad,,3667,3667
526,Cristian,45.7833,24.0292,Romania,RO,Sibiu,,3665,3665
527,Dărmăneşti,44.9165,25.7663,Romania,RO,Dâmboviţa,,3664,3664
528,Dorneşti,47.8667,26.0167,Romania,RO,Suceava,,3664,3664
529,Sulina,45.1594,29.6528,Romania,RO,Tulcea,,3663,3663
530,Băleni Români,44.8193,25.6537,Romania,RO,Dâmboviţa,,3661,3661
531,Bechet,43.7803,23.9568,Romania,RO,Dolj,,3657,3657
532,Dudeştii Vechi,46.0419,20.4764,Romania,RO,Timiş,,3648,3648
533,Blejoiu,44.9929,26.0111,Romania,RO,Prahova,,3638,3638
534,Chiscani,45.1807,27.9303,Romania,RO,Brăila,,3635,3635
535,Viziru,45.0017,27.7128,Romania,RO,Brăila,,3631,3631
536,Barcea,45.7500,27.4667,Romania,RO,Galaţi,,3626,3626
537,Botiz,47.8334,22.9473,Romania,RO,Satu Mare,,3622,3622
538,Fârţăneşti,45.7899,27.9915,Romania,RO,Galaţi,,3622,3622
539,Gura Râului,45.7275,23.9719,Romania,RO,Sibiu,,3621,3621
540,Vulcan,45.6333,25.4226,Romania,RO,Braşov,,3620,3620
541,Brastavăţu,43.9167,24.4000,Romania,RO,Olt,,3615,3615
542,Leu,44.1875,24.0000,Romania,RO,Dolj,,3614,3614
543,Pârcovaci,47.4363,26.8473,Romania,RO,Iaşi,,3607,3607
544,Ion Luca Caragiale,44.9115,25.7027,Romania,RO,Dâmboviţa,,3600,3600
545,Mătăsari,44.8500,23.0833,Romania,RO,Gorj,,3599,3599
546,Cristeşti,47.2500,26.5833,Romania,RO,Iaşi,,3598,3598
547,Telciu,47.4300,24.3942,Romania,RO,Bistriţa-Năsăud,,3598,3598
548,Nicolae Bălcescu,46.4781,26.9185,Romania,RO,Bacău,,3595,3595
549,Făurei,45.0842,27.2728,Romania,RO,Brăila,,3592,3592
550,Vasilaţi,44.2882,26.4443,Romania,RO,Călăraşi,,3590,3590
551,Cuza Vodă,44.3000,28.3167,Romania,RO,Constanţa,,3586,3586
552,Nanov,44.0000,25.3000,Romania,RO,Teleorman,,3586,3586
553,Jebel,45.5500,21.2167,Romania,RO,Timiş,,3584,3584
554,Bilca,47.9333,25.7833,Romania,RO,Suceava,,3583,3583
555,Mânăstirea,44.2107,26.8981,Romania,RO,Călăraşi,,3573,3573
556,Tichileşti,45.1289,27.9082,Romania,RO,Brăila,,3573,3573
557,Halmeu,47.9770,23.0202,Romania,RO,Satu Mare,,3564,3564
558,Bistriţa Bârgăului,47.2086,24.7618,Romania,RO,Bistriţa-Năsăud,,3564,3564
559,Ocna Sibiului,45.8747,24.0667,Romania,RO,Sibiu,,3562,3562
560,Rusăneşti,43.9370,24.5945,Romania,RO,Olt,,3555,3555
561,Leţcani,47.1833,27.4167,Romania,RO,Iaşi,,3552,3552
562,Cărpiniş,45.7872,20.9042,Romania,RO,Timiş,,3551,3551
563,Prundu,44.1000,26.2333,Romania,RO,Giurgiu,,3549,3549
564,Albeşti,46.2300,24.8500,Romania,RO,Mureş,,3546,3546
565,Perieni,46.3000,27.6167,Romania,RO,Vaslui,,3536,3536
566,Moţca,47.2500,26.6167,Romania,RO,Iaşi,,3522,3522
567,Ostroveni,43.8000,23.8833,Romania,RO,Dolj,,3504,3504
568,Sita Buzăului,45.6500,26.0667,Romania,RO,Covasna,,3502,3502
569,Săcel,47.6450,24.3950,Romania,RO,Maramureş,,3500,3500
570,Biharea,47.1515,21.9222,Romania,RO,Bihor,,3493,3493
571,Râmnicelu,45.3641,27.1067,Romania,RO,Buzău,,3491,3491
572,Goleşti,45.6625,27.1657,Romania,RO,Vrancea,,3489,3489
573,Vama,47.8419,23.3975,Romania,RO,Satu Mare,,3486,3486
574,Drăgăneşti-Vlaşca,44.1017,25.5977,Romania,RO,Teleorman,,3481,3481
575,Comişani,44.8720,25.5905,Romania,RO,Dâmboviţa,,3480,3480
576,Conţeşti,43.8000,25.4833,Romania,RO,Teleorman,,3479,3479
577,Maglavit,44.0333,23.1000,Romania,RO,Dolj,,3472,3472
578,Poiana,44.5666,25.6768,Romania,RO,Dâmboviţa,,3465,3465
579,Cornu de Jos,45.1553,25.7018,Romania,RO,Prahova,,3456,3456
580,Praid,46.5529,25.1245,Romania,RO,Harghita,,3448,3448
581,Mărgineni,46.5910,26.8415,Romania,RO,Bacău,,3446,3446
582,Sântana de Mureş,46.5761,24.5542,Romania,RO,Mureş,,3441,3441
583,Vădăstriţa,43.8471,24.3386,Romania,RO,Olt,,3437,3437
584,Luncaviţa,45.2833,28.2667,Romania,RO,Tulcea,,3432,3432
585,Adjudeni,47.0141,26.9490,Romania,RO,Neamţ,,3429,3429
586,Munteni Buzău,44.6384,26.9729,Romania,RO,Ialomiţa,,3428,3428
587,Cârcea,44.2667,23.9000,Romania,RO,Dolj,,3424,3424
588,Unirea,46.4000,23.8167,Romania,RO,Alba,,3414,3414
589,Gherţa Mică,47.9333,23.2333,Romania,RO,Satu Mare,,3412,3412
590,Lueta,46.2667,25.4833,Romania,RO,Harghita,,3395,3395
591,Chiselet,44.1833,26.8500,Romania,RO,Călăraşi,,3392,3392
592,Piatra,43.8167,25.1667,Romania,RO,Teleorman,,3392,3392
593,Gura Şuţii,44.7571,25.4993,Romania,RO,Dâmboviţa,,3390,3390
594,Comloşu Mare,45.8906,20.6272,Romania,RO,Timiş,,3389,3389
595,Vărbilău,45.1820,25.9602,Romania,RO,Prahova,,3388,3388
596,Gârla-Mare,44.2167,22.7667,Romania,RO,Mehedinţi,,3382,3382
597,Bezdead,45.1519,25.5209,Romania,RO,Dâmboviţa,,3381,3381
598,Mânăstirea Caşin,46.1521,26.6910,Romania,RO,Bacău,,3362,3362
599,Pildeşti,46.9967,26.8256,Romania,RO,Neamţ,,3359,3359
600,Vultureni,45.6205,27.4220,Romania,RO,Galaţi,,3344,3344
601,Rastu,43.8833,23.2833,Romania,RO,Dolj,,3343,3343
602,Cerneţi,44.6348,22.7094,Romania,RO,Mehedinţi,,3339,3339
603,Frumoasa,46.6655,26.5327,Romania,RO,Bacău,,3339,3339
604,Dobroteşti,44.2833,24.8833,Romania,RO,Teleorman,,3333,3333
605,Zemeş,46.5500,26.4661,Romania,RO,Bacău,,3329,3329
606,Zăbala,45.9000,26.1833,Romania,RO,Covasna,,3324,3324
607,Băneasa,44.0633,27.7017,Romania,RO,Constanţa,,3321,3321
608,Ghirdoveni,44.9406,25.6737,Romania,RO,Dâmboviţa,,3317,3317
609,Poiana Mărului,45.6064,25.3073,Romania,RO,Braşov,,3315,3315
610,Iancu Jianu,44.5000,24.0333,Romania,RO,Olt,,3312,3312
611,Ocnele Mari,45.0833,24.3167,Romania,RO,Vâlcea,,3309,3309
612,Adunaţii-Copăceni,44.2500,26.0500,Romania,RO,Giurgiu,,3309,3309
613,Borduşani,44.4819,27.9045,Romania,RO,Ialomiţa,,3309,3309
614,Măgurele,45.1022,26.0373,Romania,RO,Prahova,,3297,3297
615,Căpăţâneşti,45.1894,26.7929,Romania,RO,Buzău,,3296,3296
616,Berca,45.2873,26.6810,Romania,RO,Buzău,,3296,3296
617,Cernat,45.9503,26.0353,Romania,RO,Covasna,,3295,3295
618,Biled,45.8864,20.9589,Romania,RO,Timiş,,3294,3294
619,Căzăneşti,44.6192,27.0100,Romania,RO,Ialomiţa,,3271,3271
620,Movileni,45.7658,27.3759,Romania,RO,Vrancea,,3269,3269
621,Traian,44.0218,24.4551,Romania,RO,Olt,,3264,3264
622,Ilva Mică,47.3167,24.6667,Romania,RO,Bistriţa-Năsăud,,3264,3264
623,Lăzarea,46.7500,25.5333,Romania,RO,Harghita,,3254,3254
624,Geoseni,46.4292,26.9924,Romania,RO,Bacău,,3249,3249
625,Smeeni,44.9958,26.8580,Romania,RO,Buzău,,3247,3247
626,Ojdula,45.9833,26.2500,Romania,RO,Covasna,,3247,3247
627,Cilieni,43.9031,24.6158,Romania,RO,Olt,,3244,3244
628,Topraisar,44.0133,28.4553,Romania,RO,Constanţa,,3238,3238
629,Coşoveni,44.2492,23.9328,Romania,RO,Dolj,,3237,3237
630,Băneasa,44.0500,26.0833,Romania,RO,Giurgiu,,3231,3231
631,Valea Dragului,44.2111,26.3030,Romania,RO,Giurgiu,,3230,3230
632,Mărăcineni,44.9000,24.8833,Romania,RO,Argeş,,3228,3228
633,Bărcăneşti,44.8815,26.0506,Romania,RO,Prahova,,3226,3226
634,Rona de Sus,47.8978,24.0375,Romania,RO,Maramureş,,3225,3225
635,Lovrin,45.9681,20.7703,Romania,RO,Timiş,,3223,3223
636,Ploeştiori,44.9810,26.0197,Romania,RO,Prahova,,3222,3222
637,Nuşfalău,47.1971,22.7034,Romania,RO,Sălaj,,3214,3214
638,Dragomireşti,47.6669,24.2914,Romania,RO,Maramureş,,3213,3213
639,Orlat,45.7514,23.9672,Romania,RO,Sibiu,,3205,3205
640,Domneşti,45.2000,24.8333,Romania,RO,Argeş,,3201,3201
641,Malu Spart,44.4438,25.7157,Romania,RO,Giurgiu,,3200,3200
642,Valea Stanciului,43.9833,23.8667,Romania,RO,Dolj,,3199,3199
643,Baia de Fier,45.1707,23.7694,Romania,RO,Gorj,,3195,3195
644,Stâlpu,45.0833,26.7111,Romania,RO,Buzău,,3193,3193
645,Aghireşu-Fabricei,46.8669,23.2701,Romania,RO,Cluj,,3193,3193
646,Cervenia,43.8333,25.4667,Romania,RO,Teleorman,,3190,3190
647,Mărginenii de Jos,44.9569,25.7583,Romania,RO,Prahova,,3187,3187
648,Turcoaia,45.1167,28.1833,Romania,RO,Tulcea,,3187,3187
649,Oşorheiu,47.0500,22.0167,Romania,RO,Bihor,,3179,3179
650,Dudeştii Noi,45.8378,21.1006,Romania,RO,Timiş,,3179,3179
651,Văcăreşti,44.8572,25.4876,Romania,RO,Dâmboviţa,,3173,3173
652,Brăneşti,45.0347,25.4129,Romania,RO,Dâmboviţa,,3171,3171
653,Certeze,47.9030,23.4600,Romania,RO,Satu Mare,,3171,3171
654,Apaţa,45.9504,25.5331,Romania,RO,Braşov,,3169,3169
655,Traian,44.7609,27.3381,Romania,RO,Ialomiţa,,3168,3168
656,Iaslovăţ,47.7667,25.9667,Romania,RO,Suceava,,3163,3163
657,Rebra,47.3167,24.5000,Romania,RO,Bistriţa-Năsăud,,3163,3163
658,Gura Ocnitei,44.9417,25.5685,Romania,RO,Dâmboviţa,,3160,3160
659,Cândeşti,45.2492,26.7046,Romania,RO,Buzău,,3154,3154
660,Tomnatic,45.9878,20.6586,Romania,RO,Timiş,,3144,3144
661,Cernica,44.4253,26.2756,Romania,RO,Ilfov,,3136,3136
662,Brebu Mânăstirei,45.1816,25.7714,Romania,RO,Prahova,,3134,3134
663,Poroschia,43.9333,25.3667,Romania,RO,Teleorman,,3132,3132
664,Copăcenii de Jos,44.2716,26.0794,Romania,RO,Giurgiu,,3131,3131
665,Valea Seacă,46.2428,27.0459,Romania,RO,Bacău,,3124,3124
666,Dersca,47.9833,26.2000,Romania,RO,Botoşani,,3124,3124
667,Dridu,44.7000,26.4500,Romania,RO,Ialomiţa,,3112,3112
668,Tânganu,44.4070,26.3090,Romania,RO,Călăraşi,,3110,3110
669,Geamăna,44.8189,24.8898,Romania,RO,Argeş,,3109,3109
670,Vedea,43.7822,25.7886,Romania,RO,Giurgiu,,3108,3108
671,Pătulele,44.3455,22.7817,Romania,RO,Mehedinţi,,3102,3102
672,Poiana Câmpina,45.1291,25.7130,Romania,RO,Prahova,,3097,3097
673,Băneşti,45.1000,25.7667,Romania,RO,Prahova,,3096,3096
674,Jilavele,44.7667,26.5333,Romania,RO,Ialomiţa,,3096,3096
675,Vadu Paşii,45.1591,26.8846,Romania,RO,Buzău,,3094,3094
676,Peciu Nou,45.6053,21.0581,Romania,RO,Timiş,,3092,3092
677,Lunca Ilvei,47.3667,24.9833,Romania,RO,Bistriţa-Năsăud,,3086,3086
678,Bicaz Chei,46.8279,25.8753,Romania,RO,Neamţ,,3082,3082
679,Cogealac,44.5580,28.5582,Romania,RO,Constanţa,,3081,3081
680,Lipovu,44.1000,23.6333,Romania,RO,Dolj,,3075,3075
681,Bertea,45.2303,25.8693,Romania,RO,Prahova,,3072,3072
682,Nicolae Bălcescu,44.3833,28.3833,Romania,RO,Constanţa,,3066,3066
683,Mitocu Dragomirnei,47.7333,26.2500,Romania,RO,Suceava,,3065,3065
684,Sânandrei,45.9106,21.1642,Romania,RO,Timiş,,3065,3065
685,Tămăşeni,46.9940,26.9505,Romania,RO,Neamţ,,3064,3064
686,Bărăganul,44.8107,27.5152,Romania,RO,Brăila,,3062,3062
687,Osica de Sus,44.2500,24.3167,Romania,RO,Olt,,3059,3059
688,Jirlău,45.1662,27.1883,Romania,RO,Brăila,,3059,3059
689,Valea Adâncă,47.1256,27.5565,Romania,RO,Iaşi,,3053,3053
690,Slobozia-Conache,45.5833,27.7833,Romania,RO,Galaţi,,3050,3050
691,Micula,47.8997,22.9497,Romania,RO,Satu Mare,,3049,3049
692,Gologanu,45.6167,27.2667,Romania,RO,Vrancea,,3040,3040
693,Hălchiu,45.7610,25.5438,Romania,RO,Braşov,,3035,3035
694,Liebling,45.5794,21.3203,Romania,RO,Timiş,,3034,3034
695,Sanislău,47.6415,22.3259,Romania,RO,Satu Mare,,3033,3033
696,Starchiojd,45.3228,26.1881,Romania,RO,Prahova,,3033,3033
697,Hănţeşti,47.7500,26.3667,Romania,RO,Suceava,,3032,3032
698,Căpleni,47.7167,22.5000,Romania,RO,Satu Mare,,3031,3031
699,Rebrişoara,47.2875,24.4517,Romania,RO,Bistriţa-Năsăud,,3031,3031
700,Dărăşti-Ilfov,44.3167,26.0167,Romania,RO,Ilfov,,3026,3026
701,Iazu,44.7177,25.8309,Romania,RO,Dâmboviţa,,3025,3025
702,Schela,45.5080,27.8309,Romania,RO,Galaţi,,3023,3023
703,Voineşti,47.0833,27.4333,Romania,RO,Iaşi,,3020,3020
704,Sălard,47.2240,22.0284,Romania,RO,Bihor,,3014,3014
705,Tătărani,44.8931,26.0348,Romania,RO,Prahova,,3013,3013
706,Comani,44.1920,24.4907,Romania,RO,Olt,,3011,3011
707,Goranu,45.1052,24.3843,Romania,RO,Vâlcea,,3010,3010
708,Pârscov,45.2888,26.5480,Romania,RO,Buzău,,3009,3009
709,Bughea de Sus,45.2981,25.0328,Romania,RO,Argeş,,2997,2997
710,Mărăcineni,45.1773,26.8242,Romania,RO,Buzău,,2996,2996
711,Mogoşeşti,47.0333,27.5167,Romania,RO,Iaşi,,2994,2994
712,Limanu,43.7991,28.5283,Romania,RO,Constanţa,,2990,2990
713,Picior de Munte,44.7825,25.3905,Romania,RO,Dâmboviţa,,2985,2985
714,Braniştea,44.6795,25.5774,Romania,RO,Dâmboviţa,,2978,2978
715,Buciumeni,44.5489,25.9633,Romania,RO,Ilfov,,2976,2976
716,Mihail Kogălniceanu,44.6788,27.7113,Romania,RO,Ialomiţa,,2959,2959
717,Dumbrava Roşie,46.8833,26.4383,Romania,RO,Neamţ,,2957,2957
718,Pietroşani,43.7167,25.6333,Romania,RO,Teleorman,,2941,2941
719,Cazasu,45.2713,27.8883,Romania,RO,Brăila,,2939,2939
720,Satchinez,45.9433,21.0397,Romania,RO,Timiş,,2937,2937
721,Sinteşti,44.3139,26.1094,Romania,RO,Ilfov,,2936,2936
722,Pecineaga,43.8953,28.4994,Romania,RO,Constanţa,,2936,2936
723,Fântânele,44.7126,25.8812,Romania,RO,Dâmboviţa,,2934,2934
724,Vadu Crişului,46.9860,22.5169,Romania,RO,Bihor,,2932,2932
725,Vişina,43.8661,24.4534,Romania,RO,Olt,,2930,2930
726,Letea Veche,46.5553,26.9469,Romania,RO,Bacău,,2926,2926
727,Crevedia,44.6000,25.9333,Romania,RO,Dâmboviţa,,2925,2925
728,Mălini,47.4500,26.0667,Romania,RO,Suceava,,2924,2924
729,Suseni,46.6667,25.5500,Romania,RO,Harghita,,2918,2918
730,Frumuşani,44.2976,26.3211,Romania,RO,Călăraşi,,2916,2916
731,Bereşti-Târg,46.0936,27.8881,Romania,RO,Galaţi,,2916,2916
732,Orbeasca de Sus,44.1374,25.3197,Romania,RO,Teleorman,,2914,2914
733,Gherăşeni,45.0253,26.7916,Romania,RO,Buzău,,2912,2912
734,Ciobanu,44.7167,27.9865,Romania,RO,Constanţa,,2907,2907
735,Săpânţa,47.9722,23.6972,Romania,RO,Maramureş,,2903,2903
736,Tulgheş,46.9408,25.7175,Romania,RO,Harghita,,2893,2893
737,Răuceşti,47.2496,26.4165,Romania,RO,Neamţ,,2890,2890
738,Vişina,44.5907,25.3330,Romania,RO,Dâmboviţa,,2889,2889
739,Brânceni,43.8833,25.4000,Romania,RO,Teleorman,,2881,2881
740,Văleni,46.7440,27.7634,Romania,RO,Vaslui,,2875,2875
741,Frumuşiţa,45.6530,28.0663,Romania,RO,Galaţi,,2875,2875
742,Jariştea,45.7949,27.0606,Romania,RO,Vrancea,,2869,2869
743,Bălăceanca,44.3931,26.2897,Romania,RO,Ilfov,,2865,2865
744,Săbăreni,44.5071,25.8791,Romania,RO,Giurgiu,,2864,2864
745,Bughea de Jos,45.2761,24.9978,Romania,RO,Argeş,,2862,2862
746,Satu Nou,44.2697,28.2242,Romania,RO,Constanţa,,2862,2862
747,Movila Miresei,45.2153,27.6220,Romania,RO,Brăila,,2860,2860
748,Săveni,44.6032,27.6359,Romania,RO,Ialomiţa,,2857,2857
749,Crâmpoia,44.3000,24.7500,Romania,RO,Olt,,2853,2853
750,Becicherecu Mic,45.8290,21.0514,Romania,RO,Timiş,,2853,2853
751,Două Mai,43.7872,28.5775,Romania,RO,Constanţa,,2848,2848
752,Rotunda,44.0000,24.3167,Romania,RO,Olt,,2841,2841
753,Remetea Chioarului,47.5276,23.5478,Romania,RO,Maramureş,,2834,2834
754,Moşniţa Nouă,45.7181,21.3258,Romania,RO,Timiş,,2833,2833
755,Ulmu,44.9507,27.3294,Romania,RO,Brăila,,2829,2829
756,Ciolpani,44.7254,26.1052,Romania,RO,Ilfov,,2828,2828
757,Curtuiuşeni,47.5465,22.1993,Romania,RO,Bihor,,2825,2825
758,Havârna,48.0667,26.6500,Romania,RO,Botoşani,,2823,2823
759,Ostra,47.4000,25.7667,Romania,RO,Suceava,,2823,2823
760,Răcăciuni,46.3261,27.0138,Romania,RO,Bacău,,2820,2820
761,Trifeşti,46.8981,26.8622,Romania,RO,Neamţ,,2818,2818
762,Rozavlea,47.7364,24.2225,Romania,RO,Maramureş,,2816,2816
763,Vlădeni,44.8756,25.7753,Romania,RO,Dâmboviţa,,2807,2807
764,Stulpicani,47.4585,25.7650,Romania,RO,Suceava,,2807,2807
765,Sânmihaiu Român,45.7078,21.0900,Romania,RO,Timiş,,2805,2805
766,Ograda,44.6167,27.5833,Romania,RO,Ialomiţa,,2803,2803
767,Zizin,45.6376,25.7747,Romania,RO,Braşov,,2802,2802
768,Broscăuţi,47.9500,26.4500,Romania,RO,Botoşani,,2801,2801
769,Amărăştii de Jos,43.9521,24.1639,Romania,RO,Dolj,,2795,2795
770,Salcia,44.1398,22.9301,Romania,RO,Mehedinţi,,2794,2794
771,Lunca Câlnicului,45.7555,25.7755,Romania,RO,Covasna,,2793,2793
772,Căţelu,44.4031,26.2177,Romania,RO,Ilfov,,2790,2790
773,Teregova,45.1481,22.2819,Romania,RO,Caraş-Severin,,2790,2790
774,Baia,44.7233,28.6778,Romania,RO,Tulcea,,2789,2789
775,Periceiu,47.2316,22.8631,Romania,RO,Sălaj,,2785,2785
776,Ruseni,46.7972,26.5396,Romania,RO,Neamţ,,2784,2784
777,Valea Mărului,45.8387,27.6914,Romania,RO,Galaţi,,2781,2781
778,Potlogi,44.5606,25.5880,Romania,RO,Dâmboviţa,,2778,2778
779,Vama,47.5715,25.6913,Romania,RO,Suceava,,2778,2778
780,Palanca,44.4743,25.7247,Romania,RO,Giurgiu,,2775,2775
781,Sarichioi,44.9500,28.8500,Romania,RO,Tulcea,,2775,2775
782,Daia Română,46.0069,23.6664,Romania,RO,Alba,,2773,2773
783,Scânteia,44.7337,27.4657,Romania,RO,Ialomiţa,,2773,2773
784,Crişcior,46.1236,22.8595,Romania,RO,Hunedoara,,2770,2770
785,Adâncata,47.7351,26.2951,Romania,RO,Suceava,,2765,2765
786,Racşa,47.8167,23.3500,Romania,RO,Satu Mare,,2761,2761
787,Goicea,43.9167,23.6167,Romania,RO,Dolj,,2760,2760
788,Troianul,44.0014,25.0211,Romania,RO,Teleorman,,2753,2753
789,Perşinari,44.8019,25.4988,Romania,RO,Dâmboviţa,,2750,2750
790,Stancea,44.1367,26.8129,Romania,RO,Călăraşi,,2744,2744
791,Floreşti,44.6192,23.5284,Romania,RO,Gorj,,2744,2744
792,Sagna,46.9709,27.0080,Romania,RO,Neamţ,,2742,2742
793,Mârşa,44.3667,25.5500,Romania,RO,Giurgiu,,2742,2742
794,Salva,47.3086,24.3569,Romania,RO,Bistriţa-Năsăud,,2738,2738
795,Roma,47.8333,26.6000,Romania,RO,Botoşani,,2738,2738
796,Holboca,47.1500,27.7000,Romania,RO,Iaşi,,2737,2737
797,Chişoda,45.7028,21.2114,Romania,RO,Timiş,,2736,2736
798,Sânzieni,46.0500,26.1333,Romania,RO,Covasna,,2730,2730
799,Siculeni,46.4356,25.7524,Romania,RO,Harghita,,2726,2726
800,Ariceştii-Rahtivani,44.9500,25.8333,Romania,RO,Prahova,,2721,2721
801,Brebeni,44.3667,24.4500,Romania,RO,Olt,,2720,2720
802,Botiza,47.6667,24.1500,Romania,RO,Maramureş,,2717,2717
803,Creţeşti,44.2769,26.1364,Romania,RO,Ilfov,,2708,2708
804,Lechinţa,47.0194,24.3336,Romania,RO,Bistriţa-Năsăud,,2702,2702
805,Felnac,46.1167,21.1500,Romania,RO,Arad,,2699,2699
806,Mavrodin,44.0333,25.2500,Romania,RO,Teleorman,,2693,2693
807,Glodeni,46.6500,24.6000,Romania,RO,Mureş,,2688,2688
808,Liţa,43.8000,24.8167,Romania,RO,Teleorman,,2687,2687
809,Petelea,46.7300,24.7200,Romania,RO,Mureş,,2683,2683
810,Râşca,47.3667,26.2333,Romania,RO,Suceava,,2681,2681
811,Cătămăreşti-Deal,47.7707,26.6007,Romania,RO,Botoşani,,2678,2678
812,Hodac,46.7745,24.9223,Romania,RO,Mureş,,2672,2672
813,Dragomireşti-Deal,44.4594,25.9460,Romania,RO,Ilfov,,2669,2669
814,Lazuri,47.8543,22.8708,Romania,RO,Satu Mare,,2666,2666
815,Vlădeştii de Sus,45.1540,24.9269,Romania,RO,Argeş,,2663,2663
816,Călineşti-Oaş,47.9203,23.2864,Romania,RO,Satu Mare,,2662,2662
817,Caşin,46.1992,26.7449,Romania,RO,Bacău,,2662,2662
818,Vetrişoaia,46.4291,28.2097,Romania,RO,Vaslui,,2662,2662
819,Frătăuţii Vechi,47.9000,25.8833,Romania,RO,Suceava,,2653,2653
820,Corunca,46.5167,24.6167,Romania,RO,Mureş,,2649,2649
821,Târşolţ,47.9436,23.3359,Romania,RO,Satu Mare,,2649,2649
822,Stoicăneşti,44.1845,24.6407,Romania,RO,Olt,,2638,2638
823,Brăhăşeştii de Sus,46.0399,27.3701,Romania,RO,Galaţi,,2637,2637
824,Siliştea Nouă,44.3833,25.0000,Romania,RO,Teleorman,,2633,2633
825,Ploscuţeni,46.0786,27.2703,Romania,RO,Vrancea,,2632,2632
826,Saravale,46.0703,20.7372,Romania,RO,Timiş,,2628,2628
827,Scurteşti,45.1383,26.9040,Romania,RO,Buzău,,2624,2624
828,Copălău,47.6167,26.8333,Romania,RO,Botoşani,,2624,2624
829,Popricani,47.3000,27.5167,Romania,RO,Iaşi,,2621,2621
830,Brebu Megieşesc,45.1677,25.7747,Romania,RO,Prahova,,2613,2613
831,Ghiaba,45.3092,26.0063,Romania,RO,Prahova,,2613,2613
832,Cosoba,44.5333,25.8167,Romania,RO,Giurgiu,,2611,2611
833,Fălcoiu,44.2333,24.3667,Romania,RO,Olt,,2610,2610
834,Aluniş,45.2000,25.8667,Romania,RO,Prahova,,2609,2609
835,Trestieni,44.5050,25.7576,Romania,RO,Giurgiu,,2608,2608
836,Bixad,47.9187,23.3916,Romania,RO,Satu Mare,,2599,2599
837,Ineu,47.1000,22.1500,Romania,RO,Bihor,,2595,2595
838,Mărunţei,44.2132,24.4696,Romania,RO,Olt,,2593,2593
839,Pojorâta,47.5167,25.4500,Romania,RO,Suceava,,2592,2592
840,Popeni,46.2467,27.8052,Romania,RO,Vaslui,,2588,2588
